embeddings	accuracy	precision_macro	recall_macro	f1_score_macro	f1_score_micro
glove	0.818077 (0.0104)	0.822895 (0.0074)	0.818195 (0.0104)	0.817396 (0.0109)	0.818077 (0.0104)
ewe_uni	0.823242 (0.0087)	0.828045 (0.0048)	0.823333 (0.0086)	0.822578 (0.0095)	0.823242 (0.0087)
sawe-100	0.816923 (0.0100)	0.820991 (0.0053)	0.816983 (0.0099)	0.816305 (0.0109)	0.816923 (0.0100)
sota	0.811484 (0.0075)	0.813943 (0.0062)	0.811537 (0.0075)	0.811117 (0.0078)	0.811484 (0.0075)
senti_embeddings	0.825330 (0.0037)	0.827784 (0.0028)	0.825395 (0.0037)	0.825015 (0.0040)	0.825330 (0.0037)
